<?xml version="1.0" encoding="UTF-8"?>
<suppressions xmlns="https://jeremylong.github.io/DependencyCheck/dependency-suppression.1.3.xsd">
   <suppress>
   		<notes><![CDATA[
   		file name: spring-context-5.2.3.RELEASE.jar
   		]]></notes>
   		<packageUrl regex="true">^pkg:maven/org\.springframework/spring-context@.*$</packageUrl>
   		<cve>CVE-2022-22965</cve>
	</suppress>
	<suppress>
   		<notes><![CDATA[
   		file name: spring-core-5.2.3.RELEASE.jar
   		]]></notes>
   		<packageUrl regex="true">^pkg:maven/org\.springframework/spring-core@.*$</packageUrl>
   		<cve>CVE-2022-22965</cve>
	</suppress>
	<suppress>
   		<notes><![CDATA[
   		file name: spring-expression-5.2.3.RELEASE.jar
   		]]></notes>
   		<packageUrl regex="true">^pkg:maven/org\.springframework/spring-expression@.*$</packageUrl>
   		<cve>CVE-2022-22965</cve>
	</suppress>
	<suppress>
   		<notes><![CDATA[
   		file name: spring-web-5.2.3.RELEASE.jar
   		]]></notes>
   		<packageUrl regex="true">^pkg:maven/org\.springframework/spring-web@.*$</packageUrl>
   		<cve>CVE-2022-22965</cve>
	</suppress>
	<suppress>
   		<notes><![CDATA[
   		file name: spring-webmvc-5.2.3.RELEASE.jar
   		]]></notes>
   		<packageUrl regex="true">^pkg:maven/org\.springframework/spring-webmvc@.*$</packageUrl>
   		<cve>CVE-2022-22965</cve>
	</suppress>
	<suppress>
   		<notes><![CDATA[
   		file name: log4j-api-2.12.1.jar
   		]]></notes>
   		<packageUrl regex="true">^pkg:maven/org\.apache\.logging\.log4j/log4j-api@.*$</packageUrl>
   		<cve>CVE-2020-9488</cve>
	</suppress>
	<suppress>
   		<notes><![CDATA[
   		file name: json-smart-2.3.jar
   		]]></notes>
   		<packageUrl regex="true">^pkg:maven/net\.minidev/json-smart@.*$</packageUrl>
   		<cve>CVE-2021-27568</cve>
	</suppress>
	<suppress>
   		<notes><![CDATA[
   		file name: jackson-databind-2.10.2.jar
   		]]></notes>
   		<packageUrl regex="true">^pkg:maven/com\.fasterxml\.jackson\.core/jackson-databind@.*$</packageUrl>
   		<cve>CVE-2023-35116</cve>
	</suppress>
	<suppress>
   		<notes><![CDATA[
   		file name: jackson-core-2.10.2.jar
   		]]></notes>
   		<packageUrl regex="true">^pkg:maven/com\.fasterxml\.jackson\.core/jackson-core@.*$</packageUrl>
   		<vulnerabilityName>CVE-2025-49128</vulnerabilityName>
	</suppress>
</suppressions>